{
  "rollWidget": {
    "origin": "BOTTOM",
    "offset": {
      "f_82470_": 94.99994,
      "f_82471_": -32.000015
    }
  }
}